{
  "FORD_F150": {
    "slope": -16672.59901987152,
    "intercept": 217902.76534511425,
    "n": 44
  },
  "GMC_SIERRA_1500": {
    "slope": -20842.873842710713,
    "intercept": 267234.14592187665,
    "n": 18
  },
  "RAM_RAM_1500": {
    "slope": -3492.29361373704,
    "intercept": 57275.482358504756,
    "n": 71
  }
}