{
  "CHEVROLET_SILVERADO_1500_ECO": {
    "shrunk_mean": 914.696397941681,
    "n": 2
  },
  "CHEVROLET_SILVERADO_1500_LT": {
    "shrunk_mean": 822.28730703259,
    "n": 2
  },
  "CHEVROLET_SILVERADO_1500_OTHER": {
    "shrunk_mean": 697.3050314465409,
    "n": 4
  },
  "CHEVROLET_SILVERADO_1500_RS": {
    "shrunk_mean": 1937.3962264150944,
    "n": 1
  },
  "CHEVROLET_SILVERADO_1500_SS": {
    "shrunk_mean": 577.2533692722373,
    "n": 1
  },
  "CHEVROLET_SILVERADO_2500HD_LT": {
    "shrunk_mean": 48.824797843665806,
    "n": 1
  },
  "CHEVROLET_SILVERADO_2500HD_OTHER": {
    "shrunk_mean": 1731.6819407008086,
    "n": 1
  },
  "DODGE_RAM_1500_ST": {
    "shrunk_mean": 454.63432165318955,
    "n": 1
  },
  "FORD_F150_LARIAT": {
    "shrunk_mean": 1483.6928301886792,
    "n": 5
  },
  "FORD_F150_LIMITED": {
    "shrunk_mean": 1885.5600343053175,
    "n": 2
  },
  "FORD_F150_OTHER": {
    "shrunk_mean": 2565.41928721174,
    "n": 7
  },
  "FORD_F150_PLATINUM": {
    "shrunk_mean": 1154.3486073674753,
    "n": 1
  },
  "FORD_F150_S": {
    "shrunk_mean": 668.8330598851518,
    "n": 26
  },
  "FORD_F150_XLT": {
    "shrunk_mean": 913.6661197703035,
    "n": 3
  },
  "FORD_F250_OTHER": {
    "shrunk_mean": 577.3486073674753,
    "n": 1
  },
  "FORD_F250_S": {
    "shrunk_mean": 215.49146451033243,
    "n": 1
  },
  "FORD_F250_XLT": {
    "shrunk_mean": 829.8247978436657,
    "n": 1
  },
  "FORD_F350_S": {
    "shrunk_mean": 1151.9200359389038,
    "n": 1
  },
  "GMC_SIERRA_1500_AT4": {
    "shrunk_mean": 256.7771787960467,
    "n": 1
  },
  "GMC_SIERRA_1500_DENALI": {
    "shrunk_mean": 1752.0133647798743,
    "n": 4
  },
  "GMC_SIERRA_1500_OTHER": {
    "shrunk_mean": -1281.9893081761006,
    "n": 10
  },
  "GMC_SIERRA_1500_SLE": {
    "shrunk_mean": 529.9676549865229,
    "n": 1
  },
  "GMC_SIERRA_1500_SLT": {
    "shrunk_mean": 1135.196397941681,
    "n": 2
  },
  "GMC_SIERRA_2500HD_AT4": {
    "shrunk_mean": 4691.318293683347,
    "n": 3
  },
  "GMC_SIERRA_2500HD_OTHER": {
    "shrunk_mean": 327.7418524871355,
    "n": 2
  },
  "GMC_SIERRA_2500HD_SLE": {
    "shrunk_mean": 362.4438454627134,
    "n": 1
  },
  "GMC_SIERRA_3500HD_DENALI": {
    "shrunk_mean": 1677.6343216531895,
    "n": 1
  },
  "RAM_RAM_1500_BIG HORN": {
    "shrunk_mean": -1270.4716981132074,
    "n": 9
  },
  "RAM_RAM_1500_LARAMIE": {
    "shrunk_mean": 674.5145797598627,
    "n": 2
  },
  "RAM_RAM_1500_LIMITED": {
    "shrunk_mean": 949.6509433962264,
    "n": 2
  },
  "RAM_RAM_1500_NIGHT": {
    "shrunk_mean": 147.5867026055705,
    "n": 1
  },
  "RAM_RAM_1500_OTHER": {
    "shrunk_mean": -432.13631112822486,
    "n": 29
  },
  "RAM_RAM_1500_OUTDOORSMAN": {
    "shrunk_mean": 860.6343216531895,
    "n": 1
  },
  "RAM_RAM_1500_REBEL": {
    "shrunk_mean": 1170.3617719442163,
    "n": 3
  },
  "RAM_RAM_1500_SLT": {
    "shrunk_mean": 422.82479784366575,
    "n": 1
  },
  "RAM_RAM_1500_SPORT": {
    "shrunk_mean": 1136.252439817827,
    "n": 9
  },
  "RAM_RAM_1500_ST": {
    "shrunk_mean": -1058.0837264150944,
    "n": 12
  },
  "RAM_RAM_1500_TRADESMAN": {
    "shrunk_mean": 589.9676549865229,
    "n": 1
  },
  "RAM_RAM_1500_WARLOCK": {
    "shrunk_mean": 970.11051212938,
    "n": 1
  },
  "RAM_RAM_2500_TRADESMAN": {
    "shrunk_mean": 453.34860736747527,
    "n": 1
  },
  "RAM_RAM_3500_LARAMIE": {
    "shrunk_mean": 1132.3962264150944,
    "n": 1
  }
}